use BDSiscove

insert into tpermiso values('Registrar Usuario','ingresar un usuario en el sistema','true')
insert into tpermiso values('Modificar Usuario','alterar los datos de un usuario en el sistema','true')
insert into tpermiso values('Listar Usuarios','ver todos los usuarios en el sistema','true')
insert into tpermiso values('Buscar Usuario','buscar una instancia de usuario en el sistema','true')
insert into tpermiso values('Eliminar Usuario','elimina un usuario del sistema','true')
insert into tpermiso values('Registrar Factura','ingresa una factura en el sistema','true')
insert into tpermiso values('Modificar Factura','altera los datos de una factura en el sistema','true')
insert into tpermiso values('Listar Facturas','ver todas las facturas en el sistema','true')
insert into tpermiso values('Buscar Factura','busca una factura en el sistema','true')
insert into tpermiso values('Eliminar Factura','elimina una factura del sistema','true')
insert into tpermiso values('Registrar Cliente','ingresa un cliente en el sistema','true')
insert into tpermiso values('Modificar Cliente','altera los datos de un cliente en el sistema','true')
insert into tpermiso values('Listar Clientes','lista todos los clientes en el sistema','true')
insert into tpermiso values('Buscar Cliente','busca un cliente en el sistema','true')
insert into tpermiso values('Eliminar Cliente','elimina un cliente en el sistema','true')
insert into tpermiso values('Registrar Rol','registra un rol en el sistema','true')
insert into tpermiso values('Modificar Rol','altera los datos de un rol en el sistema','true')
insert into tpermiso values('Listar Rol','lista todos los roles del sistema','true')
insert into tpermiso values('Buscar Rol','busca un rol en el sistema','true')
insert into tpermiso values('Eliminar Rol','elimina un rol del sistema','true')
insert into tpermiso values('Registrar Servicio','ingresa un servicio en el sistema','true')
insert into tpermiso values('Modificar Servicio','altera los datos de un servicio en el sistema','true')
insert into tpermiso values('Listar Servicio','lista todos los servicios en el sistema','true')
insert into tpermiso values('Buscar Servicio','busca un servicio en el sistema','true')
insert into tpermiso values('Registrar Grupo de Ventas','ingresa un grupo de ventas en el sistema','true')
insert into tpermiso values('Modificar Grupo de Ventas','altera los datos de un grupo de ventas en el sistema','true')
insert into tpermiso values('Listar Grupo de Ventas','lista todos los grupos de ventas en el sistema','true')
insert into tpermiso values('Buscar Grupo de Ventas','busca un grupo de ventas en el sistema','true')
insert into tpermiso values('Eliminar Grupo de Ventas','elimina un grupo del sistema','true')
insert into tpermiso values('Registrar Comision','ingresa una comision  en el sistema','true')
insert into tpermiso values('Registrar Comision por objetivo monetario','registra una comisoin por objetivo monetario en el sistema','true')
insert into tpermiso values('Registrar Comision por cantidad de producto vendido','registra una comision por cantidad de producto vendido','true')
insert into tpermiso values('Ver Reporte total de comision por vendedor','muestra el reporte de comision de un vendedor','true')
insert into tpermiso values('Ver Reporte de comision por grupo de ventas','muestra el reporte de comision de un grupo de ventas','true')
insert into tpermiso values('Ver Reporte comparativo de ventas realizadas vs ventas planeadas','muestra el reporte comparativo de ventas planeadas vs, ventas realizadas','true')
insert into tpermiso values('Ver Reporte comparativo de comisiones','muestra el reporte comparativo de comisiones en dos períodos diferentes','true')
insert into tpermiso values('Ver Reporte total de comision por grupo de ventas','muestra el reporte de comision total por un grupo de ventas','true')
insert into tpermiso values('Configurar Comision','permite configurar fechas de proximas cancelaciones de comisiones y fechas de cálculos','true')

insert into trol values('Vendedor Junior','principiante',1)
insert into trol values('Vendedor Senior','intermedio',1)
insert into trol values('Vendedor Master','avanzado',1)
insert into trol values('Gerente General','dueño',1)
insert into trol values('Gerente Ventas','jefe',1)

insert into tdepartamento values('1','Contabilidad',1)
insert into tdepartamento values('2','TI',1)
insert into tdepartamento values('3','Desarrollo',1)
insert into tdepartamento values('4','Bodega',1)
insert into tdepartamento values('5','Administrativo',1)

insert into tservicio values('CDOC-01','Word','Principiantes',100,50,6,3,9,7,11,9,1)
insert into tservicio values('CPP-02','Power Point','Intermedio',100,50,6,3,9,7,11,9,1)
insert into tservicio values('CEX-03','Excel','Avanzado',100,50,6,3,9,7,11,9,1)
insert into tservicio values('CILUS-02','Ilustrador','Intermedio',100,50,6,3,9,7,11,9,1)
insert into tservicio values('CPHOTO-01','Photoshop','Principiantes',100,50,6,3,9,7,11,9,1)

insert into tusuario values('207040475','Edgar','Duarte','Núñez','ed_negro@hotmail.es','X6KF4b6+CmYj4zr8BKH71Q==','Gerente Ventas','2', 1)
insert into tusuario values('123567890','Roger','Pérez','Rojas','projas@hotmail.com','X6KF4b6+CmYj4zr8BKH71Q==','Gerente General', '1', 1)
insert into tusuario values('948230984','Fernando','Salazar','Dominguez','psalazar@hotmail.com','X6KF4b6+CmYj4zr8BKH71Q==','Vendedor Master', '5', 1)
insert into tusuario values('123948594','Juan','Gonzales','Núñez','jgonzales@hotmail.com','X6KF4b6+CmYj4zr8BKH71Q==','Vendedor Senior', '4', 1)
insert into tusuario values('234645657','Carlos','Obando','Sisneros','covando@hotmail.com','X6KF4b6+CmYj4zr8BKH71Q==','Vendedor Junior', '2', 1)

insert into tcliente values('132654789','INA','2222-2222','ina@hotmail.com','Mateo','san jose',1)
insert into tcliente values('654987321','RACSA','2365-8742','racsa@hotmail.com','zacarías','san jose',1)
insert into tcliente values('159357789','ICE','2659-5419','ice@hotmail.com','Juan lopez','san jose',1)
insert into tcliente values('3225307','Antonio Campos Duarte','2555-2015','antonio@hotmail.com','Rafael Mata Soto','Cartago',1)
insert into tcliente values('1278458','Pamela Cantillo Solano','2552-0905','pame@hotmail.com','Pamela Cantillo Solano','Cartago',1)

insert into tusuario_cliente values('132654789','948230984')
insert into tusuario_cliente values('3225307','948230984')
insert into tusuario_cliente values('159357789','207040475')
insert into tusuario_cliente values('1278458','207040475')
insert into tusuario_cliente values('654987321','123567890')
insert into tusuario_cliente values('1278458','123567890')
insert into tusuario_cliente values('654987321','123948594')
insert into tusuario_cliente values('3225307','123948594')
insert into tusuario_cliente values('132654789','234645657')
insert into tusuario_cliente values('1278458','234645657')

insert into tgrupodeventa values('G-01','Grupo 1','948230984',1)
insert into tgrupodeventa values('G-02','Grupo 2','207040475',1)
insert into tgrupodeventa values('G-03','Grupo 3','948230984',1)

insert into tgrupo_usuario values('G-03','948230984')
insert into tgrupo_usuario values('G-02','234645657')
insert into tgrupo_usuario values('G-02','123948594')

insert into tgrupo_servicio values('G-03','CEX-03')
insert into tgrupo_servicio values('G-02','CPHOTO-01')
insert into tgrupo_servicio values('G-02','CPP-02')

insert into tplanventa values('234567','Vender mucho','06/15/2011','12/15/2011',1)
insert into tplanventa values('125678','Vender bastantes','05/03/2011','10/12/2011',1)
insert into tplanventa values('903456','Vender mucho','07/04/2011','02/15/2012',1)
insert into tplanventa values('356789','Cumplir la meta obtendrán buenos beneficios','03/10/2011','01/15/2012',1)

insert into tplanventa_servicio values('234567','CEX-03',5000.00)
insert into tplanventa_servicio values('234567','CPHOTO-01',100000.00)
insert into tplanventa_servicio values('125678','CILUS-02',20000.00)
insert into tplanventa_servicio values('125678','CPP-02',50000.00)
insert into tplanventa_servicio values('903456','CDOC-01',300000.00)
insert into tplanventa_servicio values('903456','CEX-03',250000.00)
insert into tplanventa_servicio values('356789','CPHOTO-01',150000.00)
insert into tplanventa_servicio values('356789','CPP-02',250000.00)

insert into tfactura values('003','132654789','948230984','10/12/2011', '07/10/2011', '10/24/2011','Colones', 'Aprobada', 5000.00,515.00)
insert into tfactura values('004','132654789','234645657','08/12/2011', '08/10/2011', '10/05/2011','Dolares', 'Aprobada', 4000.00,500.00)
insert into tfactura values('005','132654789','234645657','08/12/2011', '08/10/2011', '10/05/2011','Dolares', 'Aprobada', 1000.00,500.00)
insert into tfactura values('006','132654789','948230984','08/12/2011', '08/29/2011', '09/05/2011','Colones', 'Cancelada', 1000.00,500.00)

insert into tlineasfactura values('003','CEX-03','10','400.00')
insert into tlineasfactura values('003','CPHOTO-01','10','100.00')
insert into tlineasfactura values('004','CPP-02','20','200.00')
insert into tlineasfactura values('005','CILUS-02','10','100.00')
insert into tlineasfactura values('006','CPHOTO-01','10','100.00')
insert into tlineasfactura values('006','CEX-03','10','400.00')

insert into tperiodo_cancelacion values ('1','Mensual')
insert into tperiodo_cancelacion values ('2','Trimestral')
insert into tperiodo_cancelacion values ('3','Anual')

insert into ttipo_comision values ('1', 'objetivo monetario','1','06/03/2011',' ')
insert into ttipo_comision values ('2', 'objetivo por cantidad de producto vendido','1','06/03/2011', ' ')
insert into ttipo_comision values ('3', 'venta realizada','1','06/03/2011','08/29/2011')
insert into ttipo_comision values('4','Especial Gerente de Ventas','1',dateAdd(month,1,getDate()), ' ')

insert into tcomision values ('1','03/01/2011','04/05/2011','04/10/2011','05/05/2011',5,50000,5000,0.0,0.0,50000,'Cancelado','948230984','G-01')
insert into tcomision values ('2','03/01/2011','04/05/2011','04/10/2011','07/06/2011',10,0.0,0.0,100,50,40000,'Cancelado','948230984','G-01')
insert into tcomision values ('3','04/01/2011',' ',' ','06/06/2011',5,0.0,0.0,0.0,0.0,50000,'Cancelado','234645657','G-02')







